recipe_slug	score_bound
falafel	2.219727024303215
spamburger	1.935879796347336
bacon-fried-rice	2.607041082888051
chicken-fingers	2.2500530153326066
apple-crisp	2.5026463237899366
cranberry-apple-crisp	2.578775780574172
bacon-chocolate-chip-cookies	2.6476251477279913
sujebi	1.8812884142264084
pasta-primavera	2.16564385417593
ramen	2.4064725816551937
brownies	2.730824856378536
bacon-wrapped-scallops	1.8225347443933053
bacon-egg-muffins	2.5076711442169164
breakfast-burritos	2.5386922759206696
bolognese-sauce	2.240259727512669
croissants	2.560366388699388
bacon-souffle	2.2939618345647146
souffle	2.479679055385433
chocolate-souffle	2.525703851416157
butter-croissants	2.240681643645182
pickled-green-beans	1.8662121023378717
fried-oysters	1.7945961052998693
peanut-butter-brownies	2.6008069065418034
almond-chip-cookies	2.66097033800963
guacamole	1.9064408331156526
brioche-bread	2.550567101366424
brioche-bread-with-chocolate	2.7112744582898523
asparagus-quiche	2.5413044894756
asparagus-burger	2.3268159849304433
ma-la-chicken	1.8829056498152363
cold-noodles-with-tomatoes	2.366173204828005
tamales	2.3618014696245027
enchiladas	1.8486376854320994
tacos	2.319756996078837
burritos	2.247972909762929
peanut-butter-cupcakes	2.5469845855199105
pickled-asparagus	1.8145058751561551
chocolate-peanut-butter-cake	2.6717250545696762
udon	2.2324020350722202
vegetable-lasagna	1.9745536054463217
maple-bacon-donuts	2.5175879070358
maple-bacon-pancakes	2.455189267382747
spinach-and-ricotta-stuffed-shells	2.0547278001830627
quesadillas	2.366322454894717
pico-de-gallo	2.068665904755896
nachos	2.262928562019094
cold-soba-noodles-with-tomato-and-cucumber	2.2607855232409553
fajitas	2.3405460393018807
loaded-nachos	2.290376330961017
lasagna	2.157379196502539
chicken-nuggets	2.3361906166479525
pain-au-chocolat	2.84571138816558
nacho-dip	2.1943091440159743
nacho-salad	2.104833217283341
nacho-casserole	2.21427187043411
nacho-fries	2.3412245586801665
tempura-udon	2.2762679342639234
peach-crisp	2.4202167051372148
apple-pie	2.600389941991815
blueberry-crisp	2.365620659031243
berry-crumble	2.278247160011011
strawberry-rhubarb-crisp	2.615775458803676
peach-cobbler	2.4313428053564983
cranberry-sauce	2.5068693417494696
cherry-cobbler	2.40403752068073
apple-crumble	2.615002859211183
chocolate-croissants	2.6526463243085576
french-toast	2.467791277902142
chocolate-babka	2.85756470392726
cinnamon-babka	2.3793175232738895
blueberry-crumble	2.3164078210782013
spam-musubi	1.9069773977709805
taco-salad	2.1116473545125736
chiles-rellenos	1.8527010519084075
almond-croissants	2.4832578270238326
cranberry-relish	2.5068693417494687
ma-la-beef	1.8438611699504857
chocolate-cake	2.651318583787109
spinach-quiche	2.479335424824718
mushroom-quiche	2.5796454470982026
quiche-lorraine	2.557569881225217
croissant-aux-amandes	2.572811138624817
danishes	2.5411947751818853
spinach-and-feta-quiche	2.506107879968499
cold-sesame-noodles	2.2785907833957073
soba-noodle-salad-with-peanut-dressing	2.069865068803325
dan-dan-noodles	1.8949313281081188
vanilla-souffle	2.540514727667167
bacon-wrapped-dates	2.2221537920733363
cherry-pie	2.478318289056234
berry-crisp	2.400536183578159
bacon-and-egg-breakfast-sandwich	2.4801838709857877
bacon-wrapped-shrimp-skewers	1.8635846346038978
bacon-wrapped-chicken	2.3536250460205568
bacon-wrapped-asparagus	2.0834747733372496
bacon-mac-and-cheese	2.3251312659822183
chicken-alfredo-lasagna	2.2441008788026027
classic-beef-lasagna	2.1891504559193153
vegetarian-mushroom-lasagna	2.1060523086600433
spinach-and-ricotta-lasagna	2.200709134163469
