recipe_tag	coefficient
bias	0.35978912697401466
alfredo	0.02397209498263701
almond	0.055966803742280996
american	0.004987513148139458
appetizer	-0.05288816222571392
appetizers	-0.0004692130135256125
apple	0.025576350730555614
asiancuisine	-0.0035805490502183353
asparagus	-0.026761956200055368
avocado	-0.06073010757574999
bacon	0.04354461015702341
baked	-0.03119681282949592
bakeddishes	0.0002894048915008115
bakery	0.011019176198506035
baking	0.12051489032149268
beans	0.03179382056516243
beef	-0.0313368337287203
bellpeppers	0.002243242404750734
berries	0.026058078227241366
blackbeans	0.002243242404750734
blackvinegar	-0.01920013193416263
blueberry	-0.011268167632589579
boiledeggs	0.004522261137139878
bokchoy	0.004522261137139878
braided	-0.007928285973643066
bread	0.008092617480723121
breaded	0.01174821280899037
breakfast	0.11198214937575977
breakfastpastry	0.0429783116473044
brioche	-0.0254112666794105
broiling	-0.038295909396908565
brownies	0.03796006281886475
brownsugar	0.0020184145453209356
brunch	0.08210944025302504
burger	0.03718624249584928
burritos	0.022078906572373866
buttery	0.061572936105497994
cake	0.03619550346809225
carrots	0.004522261137139878
casserole	0.03550597911218689
celebration	0.010827004381699153
cheese	0.0458137586371993
cheesy	-0.028219600223449447
cherry	0.0007704750687455063
chicken	0.004981213726931999
chickpeas	0.03718624249584928
chilioil	-0.024405436750175112
chilipowder	0.002243242404750734
chinese	0.014750976998683479
chinesecookingwine	-0.00520530481601248
chinesecuisine	-0.04502049238683496
chocolate	0.17685254168767428
chocolatechip	0.062488041380517334
chocolatecroissant	0.0429783116473044
christmas	0.06630061198850286
cilantro	-0.055956887022764995
cinnamon	-0.0007870820952420931
citrus	0.033150305994251415
classic	0.04916042717067028
cloves	-0.00013747738615102188
cobbler	0.028734877098244054
cocoapowder	0.02589489499616732
coffee	0.02088102006913828
cold	0.014750976998683479
coldnoodles	0.040284118189610724
comfortfood	0.010317968209863894
condiment	-0.06054562977736137
cookies	0.1030183538705727
corn	0.010827004381699153
cranberry	0.06364966842664188
creamcheese	0.010287028720292989
creamy	0.0178718891043992
crisp	0.03121434458827274
crispy	0.041662786543566956
croissant	0.02088102006913828
croissants	1.5080642799788005e-05
crumble	0.03155042961445134
crust	-0.00013747738615102188
cucumber	0.040284118189610724
cumin	0.002243242404750734
cupcakes	-0.017072098242305
custard	0.026387358088222373
custardy	0.021448591598782863
customizable	0.02834170460730756
danish	0.010287028720292989
dashibroth	0.017606352715303725
dates	0.01097548602390795
decadent	0.03509126044255839
dessert	0.2357347423306042
dinner	0.03056439725719405
dip	-0.0019026174353901429
donuts	-0.010451812572652344
easterneuropean	-0.007928285973643066
easy	0.0222415481195168
easydinner	-0.049562238071982505
egg	0.04721758871400076
eggs	0.06651469955832759
eggwhites	0.012681176994463837
fajitaseasoning	0.007438861298665963
fall	0.021044470009524724
familyfriendly	-0.014056258959795613
fastfood	0.01174821280899037
fetacheese	0.012287639078717228
filling	0.03745751026571875
fingerfood	0.04406265347902979
flaky	0.026595230138435826
french	0.041530105929807916
frenchcuisine	0.03808110993633888
frenchpastry	0.07487850791494871
fresh	-0.021417544420840796
fried	0.014267074544110915
friedfood	-0.09507413601272942
friedrice	0.00911580565841119
fries	0.011649976305717598
frosting	0.01912340522578725
fruit	-0.0016450419235711222
fudgy	0.04301954641620146
gamedayfood	0.012385723128809544
ganache	0.010300608471924929
garlic	0.00868595805605371
ginger	-0.00520530481601248
glutenfree	-0.013860287769710097
goldenbrown	0.036171903414545625
greenbeans	-0.061703900913697526
greenonion	0.013891262872066192
greenonions	0.026601167709513745
grill	0.03718624249584928
grilled	-0.08819993814472124
grilling	-0.038295909396908565
groundbeef	0.017041588478699375
gruyere	0.023590426292889103
gruyerecheese	0.015426822186316778
guacamole	0.04147592426857913
hamandcheese	0.010287028720292989
hamburger	-0.04154379174390924
handheld	0.02834170460730756
handtorndough	-0.056393705184797464
hawaii	-0.04154379174390924
hawaiian	-0.043233166568854765
healthy	0.008260295018063364
herbs	0.005579870761771421
holiday	0.07712761637020202
homemade	0.016567539854359284
indulgent	-0.017072098242305
italian	0.03899512418777601
italiancuisine	0.02397209498263701
jalapenos	0.011649976305717598
japanesecuisine	0.05946749395490661
juicy	-0.014148079744453201
ketchup	-0.04154379174390924
keto	-0.021225763504410234
kidfriendly	0.04406265347902979
koreancuisine	-0.056393705184797464
laminateddough	0.011019176198506035
lasagna	0.010993675160202136
lattice	-0.00013747738615102188
lettuce	0.005388693989636258
lime	-0.050751582206752514
loadednachos	0.0007357468230919463
lowcarb	-0.021225763504410234
lunch	0.03056439725719405
macandcheese	-0.003576702494383665
maple	-0.010451812572652344
maplesyrup	0.04075662145320736
masa	0.010827004381699153
mayonnaise	-0.04154379174390924
meal	0.01174821280899037
mealprep	0.02151499342046236
meat	0.0330364622023641
meatsauce	0.017388785694953102
mexican	-0.004513299181172943
mexicancuisine	-0.07816714237508623
mexicanfood	0.0007357468230919463
middleeastern	0.04652834964429907
miso	0.004522261137139878
muffins	0.02151499342046236
mushroom	0.005516863110791175
mushrooms	0.004522261137139878
nachos	0.06552692482306334
noodles	0.03288972516698385
noodlesoup	0.004522261137139878
nori	-0.043233166568854765
numbing	-0.031025665268684815
nutmeg	0.0018809371591699136
oat	-0.008514499116526339
oats	0.004669358107181911
onion	-0.02505431329350501
onions	0.009682103703416697
onthego	-0.043233166568854765
oven	0.0429783116473044
oysters	-0.017620266938263327
pacificislands	-0.04154379174390924
pancakes	0.04075662145320736
parmesan	0.023590426292889103
partyfood	0.06056019761836227
pasta	0.04200173098107625
pastasauce	0.017388785694953102
pastry	0.0029909083620204835
pastrycrust	-0.006021769412466085
peach	0.04951945503199729
peanutbutter	0.03118857304848468
peanutdressing	-0.02997340436776287
peanuts	-0.01920013193416263
peppers	0.007438861298665963
pickledvegetables	-0.12415428661141656
pie	0.004850035761988436
piecrust	0.012287639078717228
pork	-0.01920013193416263
porkbelly	0.004522261137139878
potatoes	0.022078906572373866
protein	0.02151499342046236
puffpastry	0.0429783116473044
quiche	0.032219718941000515
quick	-0.0010120513282183968
ramen	0.004522261137139878
refreshing	-0.005863555554665363
relish	0.033150305994251415
rhubarb	-0.005863555554665363
rice	-0.043233166568854765
ricevinegar	0.013891262872066192
rich	0.03509126044255839
ricotta	0.002953308665556814
salad	-0.07713817223260963
salsa	-0.0023466841801706995
salty	-0.003576702494383665
sandwich	0.04721758871400076
sauce	0.03315030599425144
savory	0.08472292185423107
scallions	-0.024405436750175112
scallops	-0.046656146400812004
seafood	-0.15896602792078135
sesame	0.014750976998683479
sesameoil	0.013891262872066192
sesameseeds	0.013891262872066192
shrimp	-0.038295909396908565
sichuancuisine	-0.05022579720284744
sichuanpeppercorns	-0.024405436750175112
sidedish	-0.017375537213626405
sidedishes	-0.061703900913697526
skewers	-0.038295909396908565
smoky	-0.008608976580425675
snack	-0.015613169248121927
snacks	-0.05005392460797993
sobanoodles	-0.0035805490502183353
soft	0.036171903414545625
souffle	0.048515135693959446
soup	-0.019054825082334456
sourcream	0.03165840162269747
southern	0.03295191517763801
southerncuisine	-0.017620266938263327
soysauce	0.0031238929174421497
spam	-0.08477695831276401
spices	0.005579870761771421
spicy	-0.15053961748158248
spicyfood	-0.0774538690744661
spinach	-0.006003514498450158
spring	0.019391559173083953
steamed	0.010827004381699153
stirfry	-0.025820360452672334
strawberry	-0.005863555554665363
streetfood	0.07222561855754657
stuffedpeppers	-0.0774538690744661
summer	0.020010745170446795
sushi	-0.043233166568854765
sweet	0.034865556826531745
sweetandsalty	0.04053031249005538
sweetandsavory	0.030304808880555017
sweettreat	0.06385933171644267
taco	-0.015951025675551282
tacos	0.025697268913247504
tangy	0.0604370564338375
tart	0.03315030599425144
tea	0.02088102006913828
tempura	0.017606352715303725
tender	0.047920116223535994
texmex	0.007438861298665963
thanksgiving	0.06630061198850286
toast	0.04721758871400076
tomato	-0.0030190072240204383
tomatoes	-0.021623528687062965
tomatosauce	0.03873142354348616
tortilla	0.002243242404750734
tortillabowl	-0.015951025675551282
tortillachips	-0.03121374218929547
tortillas	0.02951776787103983
traditional	0.010827004381699153
twisted	-0.007928285973643066
udonnoodles	0.017606352715303725
vanilla	0.012681176994463837
vanillaicecream	0.004669358107181911
vegan	-0.004887353210591111
vegetables	-0.02788634035330232
vegetarian	0.048317239864267475
warm	0.0429783116473044
whippedcream	0.004669358107181911
winter	0.021044470009524724
yeastdough	-0.007928285973643066
