recipe_slug	rating
falafel	0.5
spamburger	0.0
bacon-fried-rice	0.75
chicken-fingers	0.5
apple-crisp	0.75
cranberry-apple-crisp	0.75
bacon-chocolate-chip-cookies	1.0
sujebi	0.0
pasta-primavera	0.5
ramen	0.5
brownies	1.0
bacon-wrapped-scallops	0.0
bacon-egg-muffins	0.75
breakfast-burritos	0.75
bolognese-sauce	0.5
croissants	0.75
bacon-souffle	0.75
souffle	0.75
chocolate-souffle	1.0
butter-croissants	0.75
pickled-green-beans	0.0
fried-oysters	0.0
peanut-butter-brownies	1.0
almond-chip-cookies	1.0
guacamole	0.0
brioche-bread	0.75
brioche-bread-with-chocolate	1.0
asparagus-quiche	0.75
asparagus-burger	0.5
ma-la-chicken	0.0
cold-noodles-with-tomatoes	0.5
tamales	0.5
enchiladas	0.0
tacos	0.5
burritos	0.5
peanut-butter-cupcakes	0.75
pickled-asparagus	0.0
chocolate-peanut-butter-cake	1.0
udon	0.5
vegetable-lasagna	0.5
maple-bacon-donuts	0.75
maple-bacon-pancakes	0.75
spinach-and-ricotta-stuffed-shells	0.5
quesadillas	0.5
pico-de-gallo	0.25
nachos	0.5
cold-soba-noodles-with-tomato-and-cucumber	0.5
fajitas	0.5
loaded-nachos	0.5
lasagna	0.5
chicken-nuggets	0.5
pain-au-chocolat	1.0
nacho-dip	0.5
nacho-salad	0.25
nacho-casserole	0.5
nacho-fries	0.5
tempura-udon	0.5
peach-crisp	0.75
apple-pie	0.75
blueberry-crisp	0.75
berry-crumble	0.75
strawberry-rhubarb-crisp	0.75
peach-cobbler	0.75
cranberry-sauce	0.75
cherry-cobbler	0.75
apple-crumble	0.75
chocolate-croissants	1.0
french-toast	0.75
chocolate-babka	1.0
cinnamon-babka	0.75
blueberry-crumble	0.75
spam-musubi	0.0
taco-salad	0.25
chiles-rellenos	0.0
almond-croissants	0.75
cranberry-relish	0.75
ma-la-beef	0.0
chocolate-cake	1.0
spinach-quiche	0.75
mushroom-quiche	0.75
quiche-lorraine	0.75
croissant-aux-amandes	0.75
danishes	0.75
spinach-and-feta-quiche	0.75
cold-sesame-noodles	0.5
soba-noodle-salad-with-peanut-dressing	0.25
dan-dan-noodles	0.0
vanilla-souffle	0.75
bacon-wrapped-dates	0.5
cherry-pie	0.75
berry-crisp	0.75
bacon-and-egg-breakfast-sandwich	0.75
bacon-wrapped-shrimp-skewers	0.0
bacon-wrapped-chicken	0.5
bacon-wrapped-asparagus	0.25
bacon-mac-and-cheese	0.5
chicken-alfredo-lasagna	0.5
classic-beef-lasagna	0.5
vegetarian-mushroom-lasagna	0.5
spinach-and-ricotta-lasagna	0.5
