recipe_slug	score_bound	reward
apple-crumble	7.483314773547883	0.75
ma-la-chicken	7.242588778272628	0.0
quesadillas	7.160666227688103	0.5
ramen	7.172298084393352	0.5
chocolate-babka	6.954279049322636	1.0
pain-au-chocolat	7.003630974271424	1.0
spamburger	7.001091160563677	0.0
bacon-fried-rice	6.93232858599338	0.75
nacho-fries	6.713657398944323	0.5
cranberry-sauce	6.712201675540734	0.75
asparagus-quiche	6.589510896641727	0.75
strawberry-rhubarb-crisp	6.555865672331978	0.75
asparagus-burger	6.48069894065647	0.5
apple-pie	6.397842313088858	0.75
bacon-wrapped-asparagus	6.388762984140092	0.25
brioche-bread	6.335019000032267	0.75
mushroom-quiche	6.272429118838337	0.75
guacamole	6.262955625594361	0.0
cold-noodles-with-tomatoes	6.208588301325319	0.5
bacon-wrapped-chicken	6.166291646512502	0.5
tamales	6.063179432660533	0.5
taco-salad	5.980911130677155	0.25
cranberry-apple-crisp	5.901028687263056	0.75
dan-dan-noodles	5.89657333770872	0.0
croissants	5.868752408204808	0.75
chicken-nuggets	5.75037187358096	0.5
bacon-mac-and-cheese	5.708762224949097	0.5
spam-musubi	5.632244584183129	0.0
fajitas	5.6086801285726615	0.5
chocolate-peanut-butter-cake	5.569784575732487	1.0
croissant-aux-amandes	5.566727567134954	0.75
apple-crisp	5.5306490082914195	0.75
sujebi	5.501542012272035	0.0
breakfast-burritos	5.507259496907838	0.75
quiche-lorraine	5.444776702556052	0.75
tacos	5.443680279121807	0.5
souffle	5.364152706792817	0.75
danishes	5.350638438238324	0.75
spinach-quiche	5.31996747591593	0.75
bacon-wrapped-shrimp-skewers	5.306059530873085	0.0
cherry-pie	5.2251183843100115	0.75
nacho-salad	5.2178766914247685	0.25
vanilla-souffle	5.179632927560328	0.75
brioche-bread-with-chocolate	5.152584485672234	1.0
brownies	5.071665347624936	1.0
nachos	5.0633245792966655	0.5
spinach-and-ricotta-lasagna	5.045737913255419	0.5
loaded-nachos	5.002308720042024	0.5
cold-soba-noodles-with-tomato-and-cucumber	5.001448343680773	0.5
enchiladas	4.984180929294108	0.0
peanut-butter-cupcakes	4.93265944176615	0.75
bacon-egg-muffins	4.861413589828746	0.75
peach-crisp	4.833985444503741	0.75
pickled-green-beans	4.752861938835868	0.0
maple-bacon-donuts	4.72898177704303	0.75
cranberry-relish	4.692167612203231	0.75
almond-croissants	4.69246735982082	0.75
cold-sesame-noodles	4.653579482583776	0.5
spinach-and-feta-quiche	4.620931933874724	0.75
bolognese-sauce	4.5761144506698885	0.5
chiles-rellenos	4.555719949098821	0.0
tempura-udon	4.550379824503146	0.5
ma-la-beef	4.5412337651322945	0.0
falafel	4.510804563366146	0.5
bacon-and-egg-breakfast-sandwich	4.4975126907505825	0.75
soba-noodle-salad-with-peanut-dressing	4.494751058401898	0.25
burritos	4.462368425045072	0.5
chicken-fingers	4.443959539942771	0.5
bacon-wrapped-scallops	4.441754984110376	0.0
chicken-alfredo-lasagna	4.437265251061929	0.5
almond-chip-cookies	4.435681962902127	1.0
pico-de-gallo	4.384981246246359	0.25
peach-cobbler	4.374489779432325	0.75
french-toast	4.313607262498999	0.75
maple-bacon-pancakes	4.248771745929205	0.75
berry-crisp	4.236716596550973	0.75
chocolate-croissants	4.228850953766883	1.0
udon	4.13232575417354	0.5
bacon-chocolate-chip-cookies	4.133398946192618	1.0
classic-beef-lasagna	4.056018025391921	0.5
chocolate-cake	4.050660705478678	1.0
bacon-wrapped-dates	4.007325462812195	0.5
fried-oysters	4.0022299924772895	0.0
nacho-casserole	3.9937888915772675	0.5
blueberry-crumble	3.973292708143293	0.75
pasta-primavera	3.9112143725901793	0.5
pickled-asparagus	3.9045738978935423	0.0
nacho-dip	3.866331732240328	0.5
peanut-butter-brownies	3.823326432361416	1.0
cherry-cobbler	3.756573138801108	0.75
lasagna	3.665815036015925	0.5
cinnamon-babka	3.5784763265536323	0.75
blueberry-crisp	3.497549527298733	0.75
chocolate-souffle	3.4371043232712553	1.0
vegetarian-mushroom-lasagna	3.367706586969235	0.5
bacon-souffle	3.176983125917615	0.75
spinach-and-ricotta-stuffed-shells	3.1429056907602573	0.5
berry-crumble	3.089025305929386	0.75
butter-croissants	3.021379848875654	0.75
chocolate-babka	2.8575586074677455	1.0
